id,qname,heading,text,type,diagram,website,updated
,TravelCorridorSegment,TravelCorridorSegment,A segment that is part of a travel corridor.,Class,https://w3id.org/itsdata/transport-network/v1/diagrams/TravelCorridorSegment.dot.svg,https://w3id.org/itsdata/transport-network/v1/TravelCorridorSegment,2026-07-30T14:32:34.823307
,TravelledWayLink,TravelledWayLink,A linear feature representing a directed edge between two transport nodes in a network graph.,Class,https://w3id.org/itsdata/transport-network/v1/diagrams/TravelledWayLink.dot.svg,https://w3id.org/itsdata/transport-network/v1/TravelledWayLink,2026-07-30T14:32:34.823307
,TransportNetworkThing,TransportNetworkThing,Any transport-related geographic feature in the ITS transport-network domain. Subclass of its-location:Feature (and therefore geo:Feature).,Class,https://w3id.org/itsdata/transport-network/v1/diagrams/TransportNetworkThing.dot.svg,https://w3id.org/itsdata/transport-network/v1/TransportNetworkThing,2026-07-30T14:32:34.823307
,TravelledWayLane,TravelledWayLane,A linear feature for a single lane along a travelled way.,Class,https://w3id.org/itsdata/transport-network/v1/diagrams/TravelledWayLane.dot.svg,https://w3id.org/itsdata/transport-network/v1/TravelledWayLane,2026-07-30T14:32:34.823307
,TravelCorridor,TravelCorridor,A linear reference for a travel corridor axis (multimodal or policy corridor).,Class,https://w3id.org/itsdata/transport-network/v1/diagrams/TravelCorridor.dot.svg,https://w3id.org/itsdata/transport-network/v1/TravelCorridor,2026-07-30T14:32:34.823307
,VehicleFlowRate,VehicleFlowRate,A non-feature quantity describing vehicle flow on a network element (not a geo:Feature; use its-location:LocationThing).,Class,https://w3id.org/itsdata/transport-network/v1/diagrams/VehicleFlowRate.dot.svg,https://w3id.org/itsdata/transport-network/v1/VehicleFlowRate,2026-07-30T14:32:34.823307
,PointOnRoute,PointOnRoute,"A point feature locating a stop, timing point, or other position on a route.",Class,https://w3id.org/itsdata/transport-network/v1/diagrams/PointOnRoute.dot.svg,https://w3id.org/itsdata/transport-network/v1/PointOnRoute,2026-07-30T14:32:34.823307
,PublicTransportElement,PublicTransportElement,"Abstract element of a public transport system (line, route, stop, etc.).",Class,https://w3id.org/itsdata/transport-network/v1/diagrams/PublicTransportElement.dot.svg,https://w3id.org/itsdata/transport-network/v1/PublicTransportElement,2026-07-30T14:32:34.823307
,RoadSection,RoadSection,A contiguous section of a road in a road referencing scheme.,Class,https://w3id.org/itsdata/transport-network/v1/diagrams/RoadSection.dot.svg,https://w3id.org/itsdata/transport-network/v1/RoadSection,2026-07-30T14:32:34.823307
,MicromobilityPathSegment,MicromobilityPathSegment,A homogeneous segment of a micromobility path.,Class,https://w3id.org/itsdata/transport-network/v1/diagrams/MicromobilityPathSegment.dot.svg,https://w3id.org/itsdata/transport-network/v1/MicromobilityPathSegment,2026-07-30T14:32:34.823307
,FootpathSection,FootpathSection,A contiguous section of a footpath.,Class,https://w3id.org/itsdata/transport-network/v1/diagrams/FootpathSection.dot.svg,https://w3id.org/itsdata/transport-network/v1/FootpathSection,2026-07-30T14:32:34.823307
,FootpathLane,FootpathLane,A lane or channel along a footpath.,Class,https://w3id.org/itsdata/transport-network/v1/diagrams/FootpathLane.dot.svg,https://w3id.org/itsdata/transport-network/v1/FootpathLane,2026-07-30T14:32:34.823307
,RailSection,RailSection,A contiguous section of a rail alignment.,Class,https://w3id.org/itsdata/transport-network/v1/diagrams/RailSection.dot.svg,https://w3id.org/itsdata/transport-network/v1/RailSection,2026-07-30T14:32:34.823307
,TravelledWaySection,TravelledWaySection,A linear feature that aggregates or references a contiguous portion of a travelled way.,Class,https://w3id.org/itsdata/transport-network/v1/diagrams/TravelledWaySection.dot.svg,https://w3id.org/itsdata/transport-network/v1/TravelledWaySection,2026-07-30T14:32:34.823307
,TransportNetwork,TransportNetwork,"A set of transport network elements (links, nodes, ways) modelled as an its-location:LocationGroup of member its-location:Feature resources.",Class,https://w3id.org/itsdata/transport-network/v1/diagrams/TransportNetwork.dot.svg,https://w3id.org/itsdata/transport-network/v1/TransportNetwork,2026-07-30T14:32:34.823307
,FootpathLink,FootpathLink,A directed footpath link between nodes.,Class,https://w3id.org/itsdata/transport-network/v1/diagrams/FootpathLink.dot.svg,https://w3id.org/itsdata/transport-network/v1/FootpathLink,2026-07-30T14:32:34.823307
,TrackLink,TrackLink,A directed rail track link between nodes.,Class,https://w3id.org/itsdata/transport-network/v1/diagrams/TrackLink.dot.svg,https://w3id.org/itsdata/transport-network/v1/TrackLink,2026-07-30T14:32:34.823307
,MicromobilityPathSection,MicromobilityPathSection,A contiguous section of a micromobility path.,Class,https://w3id.org/itsdata/transport-network/v1/diagrams/MicromobilityPathSection.dot.svg,https://w3id.org/itsdata/transport-network/v1/MicromobilityPathSection,2026-07-30T14:32:34.823307
,FootpathNetwork,FootpathNetwork,A transport network for pedestrian paths.,Class,https://w3id.org/itsdata/transport-network/v1/diagrams/FootpathNetwork.dot.svg,https://w3id.org/itsdata/transport-network/v1/FootpathNetwork,2026-07-30T14:32:34.823307
,MicromobilityNetwork,MicromobilityNetwork,"A transport network for micromobility (e.g., cycle, scooter) paths.",Class,https://w3id.org/itsdata/transport-network/v1/diagrams/MicromobilityNetwork.dot.svg,https://w3id.org/itsdata/transport-network/v1/MicromobilityNetwork,2026-07-30T14:32:34.823307
,RoadLane,RoadLane,A lane along a road.,Class,https://w3id.org/itsdata/transport-network/v1/diagrams/RoadLane.dot.svg,https://w3id.org/itsdata/transport-network/v1/RoadLane,2026-07-30T14:32:34.823307
,TrackSegment,TrackSegment,A homogeneous segment of track.,Class,https://w3id.org/itsdata/transport-network/v1/diagrams/TrackSegment.dot.svg,https://w3id.org/itsdata/transport-network/v1/TrackSegment,2026-07-30T14:32:34.823307
,PublicTransportLine,PublicTransportLine,The linear geometry or reference for a public transport line (service corridor).,Class,https://w3id.org/itsdata/transport-network/v1/diagrams/PublicTransportLine.dot.svg,https://w3id.org/itsdata/transport-network/v1/PublicTransportLine,2026-07-30T14:32:34.823307
,Footpath,Footpath,A travelled way intended primarily for pedestrians.,Class,https://w3id.org/itsdata/transport-network/v1/diagrams/Footpath.dot.svg,https://w3id.org/itsdata/transport-network/v1/Footpath,2026-07-30T14:32:34.823307
,NetworkElement,NetworkElement,"Abstract transport network element; concrete instances specialize using its-location:LinearFeature, its-location:PointFeature, its-location:AreaFeature, or its-location:LocationGroup.",Class,https://w3id.org/itsdata/transport-network/v1/diagrams/NetworkElement.dot.svg,https://w3id.org/itsdata/transport-network/v1/NetworkElement,2026-07-30T14:32:34.823307
,TransportAlert,TransportAlert,A feature representing a transport alert with spatial extent described by ITS Location geometries.,Class,https://w3id.org/itsdata/transport-network/v1/diagrams/TransportAlert.dot.svg,https://w3id.org/itsdata/transport-network/v1/TransportAlert,2026-07-30T14:32:34.823307
,TravelledWaySegment,TravelledWaySegment,A linear feature for the smallest homogeneous piece of a travelled way in a given segmentation scheme.,Class,https://w3id.org/itsdata/transport-network/v1/diagrams/TravelledWaySegment.dot.svg,https://w3id.org/itsdata/transport-network/v1/TravelledWaySegment,2026-07-30T14:32:34.823307
,TransportNode,TransportNode,A point feature at which network links may meet or which anchors linear topology.,Class,https://w3id.org/itsdata/transport-network/v1/diagrams/TransportNode.dot.svg,https://w3id.org/itsdata/transport-network/v1/TransportNode,2026-07-30T14:32:34.823307
,ScheduledCode,ScheduledCode,"A location code identifying a scheduled transport reference (e.g., trip, block, or timing group) in an external registry.",Class,https://w3id.org/itsdata/transport-network/v1/diagrams/ScheduledCode.dot.svg,https://w3id.org/itsdata/transport-network/v1/ScheduledCode,2026-07-30T14:32:34.823307
,PublicTransportSystemThing,PublicTransportSystemThing,Any public transport service or infrastructure feature.,Class,https://w3id.org/itsdata/transport-network/v1/diagrams/PublicTransportSystemThing.dot.svg,https://w3id.org/itsdata/transport-network/v1/PublicTransportSystemThing,2026-07-30T14:32:34.823307
,RailNetwork,RailNetwork,A transport network for rail infrastructure.,Class,https://w3id.org/itsdata/transport-network/v1/diagrams/RailNetwork.dot.svg,https://w3id.org/itsdata/transport-network/v1/RailNetwork,2026-07-30T14:32:34.823307
,MicromobilityLane,MicromobilityLane,A lane along a micromobility path.,Class,https://w3id.org/itsdata/transport-network/v1/diagrams/MicromobilityLane.dot.svg,https://w3id.org/itsdata/transport-network/v1/MicromobilityLane,2026-07-30T14:32:34.823307
,PublicTransportRoute,PublicTransportRoute,The linear geometry or reference for a specific public transport route variant.,Class,https://w3id.org/itsdata/transport-network/v1/diagrams/PublicTransportRoute.dot.svg,https://w3id.org/itsdata/transport-network/v1/PublicTransportRoute,2026-07-30T14:32:34.823307
,GroupOfLines,GroupOfLines,A group of public transport lines modelled as an its-location:LocationGroup.,Class,https://w3id.org/itsdata/transport-network/v1/diagrams/GroupOfLines.dot.svg,https://w3id.org/itsdata/transport-network/v1/GroupOfLines,2026-07-30T14:32:34.823307
,MicromobilityPath,MicromobilityPath,A travelled way intended for micromobility modes.,Class,https://w3id.org/itsdata/transport-network/v1/diagrams/MicromobilityPath.dot.svg,https://w3id.org/itsdata/transport-network/v1/MicromobilityPath,2026-07-30T14:32:34.823307
,TransportAlertThing,TransportAlertThing,Any transport-related alerting or event feature.,Class,https://w3id.org/itsdata/transport-network/v1/diagrams/TransportAlertThing.dot.svg,https://w3id.org/itsdata/transport-network/v1/TransportAlertThing,2026-07-30T14:32:34.823307
,RoadNetwork,RoadNetwork,A transport network whose members are predominantly road network elements.,Class,https://w3id.org/itsdata/transport-network/v1/diagrams/RoadNetwork.dot.svg,https://w3id.org/itsdata/transport-network/v1/RoadNetwork,2026-07-30T14:32:34.823307
,TravelCorridorLink,TravelCorridorLink,A directed link that is part of a travel corridor network.,Class,https://w3id.org/itsdata/transport-network/v1/diagrams/TravelCorridorLink.dot.svg,https://w3id.org/itsdata/transport-network/v1/TravelCorridorLink,2026-07-30T14:32:34.823307
,PublicTransportSystem,PublicTransportSystem,"A transport network describing routes, lines, and related service elements of a public transport system.",Class,https://w3id.org/itsdata/transport-network/v1/diagrams/PublicTransportSystem.dot.svg,https://w3id.org/itsdata/transport-network/v1/PublicTransportSystem,2026-07-30T14:32:34.823307
,TravelledWay,TravelledWay,A linear feature representing a generic travelled way (centreline or reference line).,Class,https://w3id.org/itsdata/transport-network/v1/diagrams/TravelledWay.dot.svg,https://w3id.org/itsdata/transport-network/v1/TravelledWay,2026-07-30T14:32:34.823307
,MicromobilityLink,MicromobilityLink,A directed micromobility link between nodes.,Class,https://w3id.org/itsdata/transport-network/v1/diagrams/MicromobilityLink.dot.svg,https://w3id.org/itsdata/transport-network/v1/MicromobilityLink,2026-07-30T14:32:34.823307
,RoadLinkUserType,RoadLinkUserType,A code classifying users permitted or typical on a road link.,Class,https://w3id.org/itsdata/transport-network/v1/diagrams/RoadLinkUserType.dot.svg,https://w3id.org/itsdata/transport-network/v1/RoadLinkUserType,2026-07-30T14:32:34.823307
,RoadLink,RoadLink,A directed road network link between nodes.,Class,https://w3id.org/itsdata/transport-network/v1/diagrams/RoadLink.dot.svg,https://w3id.org/itsdata/transport-network/v1/RoadLink,2026-07-30T14:32:34.823307
,RailCorridor,RailCorridor,A two-dimensional rail corridor footprint or influence area.,Class,https://w3id.org/itsdata/transport-network/v1/diagrams/RailCorridor.dot.svg,https://w3id.org/itsdata/transport-network/v1/RailCorridor,2026-07-30T14:32:34.823307
,Road,Road,A travelled way intended for motor vehicle or mixed road traffic.,Class,https://w3id.org/itsdata/transport-network/v1/diagrams/Road.dot.svg,https://w3id.org/itsdata/transport-network/v1/Road,2026-07-30T14:32:34.823307
,RoadSegment,RoadSegment,A homogeneous segment of a road.,Class,https://w3id.org/itsdata/transport-network/v1/diagrams/RoadSegment.dot.svg,https://w3id.org/itsdata/transport-network/v1/RoadSegment,2026-07-30T14:32:34.823307
,Junction,Junction,A transport node where two or more travelled ways or links connect.,Class,https://w3id.org/itsdata/transport-network/v1/diagrams/Junction.dot.svg,https://w3id.org/itsdata/transport-network/v1/Junction,2026-07-30T14:32:34.823307
,FootpathSegment,FootpathSegment,A homogeneous segment of a footpath.,Class,https://w3id.org/itsdata/transport-network/v1/diagrams/FootpathSegment.dot.svg,https://w3id.org/itsdata/transport-network/v1/FootpathSegment,2026-07-30T14:32:34.823307
,RoutePoint,RoutePoint,"A point feature along a route alignment (e.g., shape point or service point).",Class,https://w3id.org/itsdata/transport-network/v1/diagrams/RoutePoint.dot.svg,https://w3id.org/itsdata/transport-network/v1/RoutePoint,2026-07-30T14:32:34.823307
,TransportNetworkObjectProperty,TransportNetworkObjectProperty,Super-property for transport network topology and composition.,ObjectProperty,,https://w3id.org/itsdata/transport-network/v1/TransportNetworkObjectProperty,2026-07-30T14:32:34.823307
,hasStartNode,hasStartNode,"The directed start node of a network link (topology), represented as an its-location:PointFeature.",ObjectProperty,,https://w3id.org/itsdata/transport-network/v1/hasStartNode,2026-07-30T14:32:34.823307
,hasEndNode,hasEndNode,"The directed end node of a network link (topology), represented as an its-location:PointFeature.",ObjectProperty,,https://w3id.org/itsdata/transport-network/v1/hasEndNode,2026-07-30T14:32:34.823307
,partOfTravelledWay,partOfTravelledWay,"Relates a section, segment, or lane feature to the parent travelled way it refines.",ObjectProperty,,https://w3id.org/itsdata/transport-network/v1/partOfTravelledWay,2026-07-30T14:32:34.823307
,partOfTravelCorridor,partOfTravelCorridor,Relates a corridor link or corridor segment feature to the parent travel corridor feature.,ObjectProperty,,https://w3id.org/itsdata/transport-network/v1/partOfTravelCorridor,2026-07-30T14:32:34.823307
